onset	duration	sample	value
0	n/a	0	216.0142
4.828125	n/a	2472	216.0142
153.1191406	n/a	78397	216.0142
