onset	duration	sample	value
0	0	0	216.0142
2.265625	0	1160	216.0142
6.607421875	0	3383	216.0142
6.931640625	0	3549	216.0142
10.59765625	0	5426	216.0142
295.0332031	n/a	151057	Montage:Double_Banana_Without_Eyeleads
484.2871094	n/a	247955	Montage:Referential_Without_Eyeleads
866.3027344	n/a	443547	Montage:Transverse_Without_Eyeleads
